"Reference","Qty","Value","DNP","Exclude from BOM","Exclude from Board","Footprint","Datasheet"
"C1","1","C","","","","Capacitor_SMD:C_Elec_6.3x7.7","~"
"C2","1","220u","","","","Capacitor_SMD:C_Elec_6.3x7.7","~"
"C3","1","100u","","","","Capacitor_SMD:C_Elec_6.3x7.7","~"
"D1","1","1N4004","","","","Diode_THT:D_DO-41_SOD81_P10.16mm_Horizontal","http://www.vishay.com/docs/88503/1n4001.pdf"
"D2","1","1N5822","","","","Diode_THT:D_DO-201AD_P15.24mm_Horizontal","http://www.vishay.com/docs/88526/1n5820.pdf"
"D3","1","LED","","","","LED_SMD:LED_1210_3225Metric","~"
"F1","1","Fuse","","","","Fuse:Fuse_1210_3225Metric_Pad1.42x2.65mm_HandSolder","~"
"H1,H2,H3,H4","4","MountingHole_Pad","","Excluded from BOM","","","~"
"J1","1","Screw_Terminal_01x02","","","","TerminalBlock_Phoenix:TerminalBlock_Phoenix_PT-1,5-2-3.5-H_1x02_P3.50mm_Horizontal","~"
"J2,J3","2","Conn_01x01","","","","Connector_PinHeader_1.27mm:PinHeader_1x01_P1.27mm_Vertical","~"
"L1","1","100u","","","","Inductor_SMD:L_0805_2012Metric","~"
"R1","1","10k","","","","Potentiometer_THT:Potentiometer_Bourns_3296Y_Vertical","~"
"R2","1","R","","","","Resistor_SMD:R_2010_5025Metric","~"
"R3","1","470","","","","Resistor_SMD:R_2010_5025Metric","~"
"U1","1","LM2596S-ADJ","","","","Package_TO_SOT_SMD:TO-263-5_TabPin3","http://www.ti.com/lit/ds/symlink/lm2596.pdf"
